"","Distance","Pvalue"
"PCXXX",0.666666666666667,1
"PGXXX",1,1
"Glyc",0.285714285714286,0.205079714165028
"Glyc",0.285714285714286,0.205079714165028
