"","Distance","Pvalue"
"LPC-O","1","1"
"LPCXX","0.636363636363636","0.460260067807371"
"LPEXX","1","1"
"PAXXX","0.5","0.43231201171875"
"PC-OX","1","1"
"PCXXX","0.724137931034483","0.473855342328423"
"PE-OX","0.5","1"
"PEXXX","0.909090909090909","1"
"PGXXX","1","1"
"PIXXX","0.5","0.43231201171875"
"SMXXX","1","1"
"Glyc","NA","NA"
