"","Distance","Pvalue"
"LPC-O","1","1"
"LPCXX","0.777777777777778","0.422807869961255"
"LPEXX","1","1"
"PAXXX","0.5","1"
"PC-OX","1","1"
"PCXXX","0.666666666666667","0.166482176016246"
"PE-OX","1","1"
"PEXXX","0.916666666666667","1"
"PGXXX","0.333333333333333","0.444444444444444"
"PIXXX","0.571428571428571","0.447450266215825"
"SMXXX","0.666666666666667","1"
"Glyc","NA","NA"
